{
  "id": "33bdd977-5660-495a-ba5a-dd42b7b1ea1a",
  "version": "release-49",
  "values": [
    {
      "enabled": true,
      "key": "_clientId",
      "value": "fdbb1d98-1b30-41b7-9605-728e76a7d3d6",
      "type": "text"
    },
    {
      "enabled": true,
      "key": "_clientSecret",
      "value": "b10dfe3e-247d-4a01-a8c1-185ba4f4ea93",
      "type": "text"
    },
    {
      "enabled": true,
      "key": "_environment",
      "value": "Tecban Sandbox-1-prod",
      "type": "text"
    },
    {
      "enabled": true,
      "key": "resourceServer",
      "type": "text"
    },
    {
      "enabled": true,
      "key": "rs",
      "value": "https://rs1.tecban-sandbox.o3bank.co.uk",
      "type": "text"
    },
    {
      "enabled": true,
      "key": "resourceServerV20",
      "type": "text"
    },
    {
      "enabled": true,
      "key": "obParticipantId",
      "value": "c3c937c4-ab71-427f-9b59-4099b7c680ab",
      "type": "text"
    },
    {
      "enabled": true,
      "key": "oidcClient",
      "value": "fdbb1d98-1b30-41b7-9605-728e76a7d3d6",
      "type": "text"
    },
    {
      "enabled": true,
      "key": "basicToken",
      "value": "ZmRiYjFkOTgtMWIzMC00MWI3LTk2MDUtNzI4ZTc2YTdkM2Q2OmIxMGRmZTNlLTI0N2QtNGEwMS1hOGMxLTE4NWJhNGY0ZWE5Mw==",
      "type": "text"
    },
    {
      "enabled": true,
      "key": "dummyBaseUrl",
      "value": "x-open-banking/v1.1",
      "type": "text"
    },
    {
      "enabled": true,
      "key": "issuer",
      "value": "https://auth1.tecban-sandbox.o3bank.co.uk",
      "type": "text"
    },
    {
      "enabled": true,
      "key": "tokenEndpoint",
      "value": "https://as1.tecban-sandbox.o3bank.co.uk/token",
      "type": "text"
    },
    {
      "enabled": true,
      "key": "authEndpoint",
      "value": "https://auth1.tecban-sandbox.o3bank.co.uk/auth",
      "type": "text"
    },
    {
      "enabled": true,
      "key": "configEndpoint",
      "value": "https://auth1.tecban-sandbox.o3bank.co.uk/.well-known/openid-configuration",
      "type": "text"
    },
    {
      "enabled": true,
      "key": "redirectUrl",
      "value": "http://www.google.co.uk",
      "type": "text"
    }
  ],
  "timestamp": 1595436613575,
  "_postman_variable_scope": "environment",
  "_postman_exported_at": "2020-07-22T16:50:13.575Z",
  "_postman_exported_using": "Postman/5.3.2",
  "name": "TPP229_Banco_1"
}