{
  "issuer": "https://ob19-auth1-ui.o3bank.co.uk/.well-known/openid-configuration",
  "certs": {
    "ca": "C:\\usr\\freddi\\projects\\ozone\\tech\\repos\\monorepo\\crypto\\certs\\obie\\sandbox\\ob-sandbox-issuing-chain.pem",
    "cert": "C:\\usr\\freddi\\projects\\ozone\\tech\\repos\\monorepo\\crypto\\certs\\tpp\\tpp2019-HQuZPIt3ipkh33Uxytox1E\\transport-HQuZPIt3ipkh33Uxytox1E.pem",
    "key": "C:\\usr\\freddi\\projects\\ozone\\tech\\repos\\monorepo\\crypto\\certs\\tpp\\tpp2019-HQuZPIt3ipkh33Uxytox1E\\transport-HQuZPIt3ipkh33Uxytox1E.key"
  },
  "token_endpoint_auth_method": "client_secret_basic",
  "token_endpoint_auth_signing_alg": "PS256",
  "backchannel_authentication_request_signing_alg": "PS256",
  "client_id": "e10ec216-3fce-4270-abda-3cfe91acc892",
  "client_secret": "8303b5e5-0f71-40b6-8cac-f47eab7085fd",
  "signingKeyKid": "oLyjFIQzA-RfmoAqd7jn5T9_kK8",
  "signingKeyFileName": "C:\\usr\\freddi\\projects\\ozone\\tech\\repos\\monorepo\\crypto\\certs\\tpp\\tpp2019-HQuZPIt3ipkh33Uxytox1E\\signing-HQuZPIt3ipkh33Uxytox1E.key"
}
