{
  "logLevels": {
    "oidcClient": "debug",
    "http": "debug",
    "jwt": "debug"
  },
  "issuer": "https://issuer1.tide-pre.o3bank.co.uk/.well-known/openid-configuration",
  "certs": {
    "ca":   "C:\\usr\\freddi\\projects\\ozone\\tech\\repos\\monorepo\\crypto\\certs\\obie\\sandbox\\ob-sandbox-issuing-chain.pem",
    "cert": "C:\\usr\\freddi\\projects\\ozone\\tech\\repos\\monorepo\\crypto\\certs\\tpp\\tpp2019-HQuZPIt3ipkh33Uxytox1E\\transport-HQuZPIt3ipkh33Uxytox1E.pem",
    "key":  "C:\\usr\\freddi\\projects\\ozone\\tech\\repos\\monorepo\\crypto\\certs\\tpp\\tpp2019-HQuZPIt3ipkh33Uxytox1E\\transport-HQuZPIt3ipkh33Uxytox1E.key"
  },
  "token_endpoint_auth_method": "private_key_jwt",
  "token_endpoint_auth_signing_alg": "PS256",
  "client_id": "7f96df8b-2738-46e6-ac1d-fba8367301a7",
  "client_secret": "97852c2d-0d42-4b7d-92b5-82a2144c292a",
  "signingKeyKid": "R5TEKOohqs9BFiv4juOs17APwCo",
  "signingKeyFileName": "C:\\usr\\freddi\\projects\\ozone\\tech\\repos\\monorepo\\crypto\\certs\\tpp\\tpp2019-HQuZPIt3ipkh33Uxytox1E\\signing-HQuZPIt3ipkh33Uxytox1E.key"
}
